{"cameraMode":{"drawMode":0,"name":"Shaded","section":"Shading Mode"},"sceneLighting":true,"audioPlay":false,"sceneViewState":{"showFog":true,"showMaterialUpdate":false,"showSkybox":true,"showFlares":true,"showImageEffects":true,"showParticleSystems":true},"in2DMode":false,"pivot":{"x":-5.4312238693237309,"y":-11.383211135864258,"z":-8.157198905944825},"rotation":{"x":-0.1306447833776474,"y":0.865388810634613,"z":-0.38367000222206118,"w":-0.2946775257587433},"size":15.410700798034668,"orthographic":false}